{"_runtime":185.873232361,"train_loss":17.37688335653854,"_timestamp":1.7469892064193542e+09,"_wandb":{"runtime":301},"_step":1,"val_acc":5.212355212355212,"val_loss":15.093079827048562,"epoch":0,"train_acc":2.508307428448923}