{"epoch":0,"test_loss":6.871963833317612,"train_acc":4.75935255654411,"_wandb":{"runtime":111},"test_acc":7.625482625482626,"_step":1,"train_loss":8.432368601838203,"_runtime":103.82713994,"_timestamp":1.7470031861221986e+09}