{"test_loss":0.4677317010031806,"test_acc":89.1891891891892,"_step":9,"_wandb":{"runtime":558},"_timestamp":1.7470303261261818e+09,"epoch":4,"train_acc":95.24064744345588,"train_loss":0.2269874216146665,"_runtime":494.224213586}