{"val_acc":0,"_wandb":{"runtime":745},"train_acc":0,"train_loss":20.98893427522215,"val_loss":20.912677186908144,"epoch":6,"_runtime":664.181176469,"_timestamp":1.7469870024157546e+09,"_step":13}