{"_runtime":366.668891887,"train_loss":7.063452957427665,"_timestamp":1.7469908165204177e+09,"epoch":1,"train_acc":7.760746060671026,"test_loss":6.640849720348012,"_wandb":{"runtime":515},"_step":3,"test_acc":9.942084942084943}