{"_timestamp":1.747102463691678e+09,"_runtime":74.181385856,"test_loss":0.5194449457857344,"_step":3,"train_loss":1.0600916159479585,"test_acc":96.81467181467181,"_wandb":{"runtime":74},"epoch":1,"train_acc":86.30078250616357}