{"train_acc":93.5684424911566,"epoch":1,"_timestamp":1.747110934620563e+09,"test_acc":95.75289575289575,"_wandb":{"runtime":82},"_step":3,"_runtime":81.905689211,"test_loss":0.509060435824924,"train_loss":0.6424591794405898}