{"train_loss":5.746816181156733,"_runtime":188.146764571,"_wandb":{"runtime":220},"test_loss":5.583247184753418,"_step":3,"test_acc":1.640926640926641,"_timestamp":1.7469427539930835e+09,"train_acc":0.9111373137528138,"epoch":1}